{
  "resourceType" : "Location",
  "id" : "example-location",
  "meta" : {
    "profile" : ["https://pcn.gov.ng/StructureDefinition/ng-location"]
  },
  "text" : {
    "status" : "generated",
    "div" : "<div xmlns=\"http://www.w3.org/1999/xhtml\"><p class=\"res-header-id\"><b>Generated Narrative: Location example-location</b></p><a name=\"example-location\"> </a><a name=\"hcexample-location\"> </a><div style=\"display: inline-block; background-color: #d9e0e7; padding: 6px; margin: 4px; border: 1px solid #8da1b4; border-radius: 5px; line-height: 60%\"><p style=\"margin-bottom: 0px\"/><p style=\"margin-bottom: 0px\">Profile: <a href=\"StructureDefinition-ng-location.html\">NG Location</a></p></div><p><b>status</b>: Active</p><p><b>name</b>: Gwagwalada Community Pharmacy</p><p><b>description</b>: Primary community pharmacy branch serving Gwagwalada area</p><p><b>mode</b>: Instance</p><p><b>type</b>: <span title=\"Codes:{http://terminology.hl7.org/CodeSystem/v3-RoleCode PHARM}\">Pharmacy</span></p><p><b>address</b>: Plot 10 Zuba Road Gwagwalada FCT NG </p></div>"
  },
  "status" : "active",
  "name" : "Gwagwalada Community Pharmacy",
  "description" : "Primary community pharmacy branch serving Gwagwalada area",
  "mode" : "instance",
  "type" : [{
    "coding" : [{
      "system" : "http://terminology.hl7.org/CodeSystem/v3-RoleCode",
      "code" : "PHARM",
      "display" : "Pharmacy"
    }]
  }],
  "address" : {
    "line" : ["Plot 10 Zuba Road"],
    "city" : "Gwagwalada",
    "district" : "gwagwalada",
    "state" : "FCT",
    "country" : "NG"
  }
}