{
  "resourceType" : "Medication",
  "id" : "medication-001",
  "meta" : {
    "profile" : ["https://pcn.gov.ng/StructureDefinition/ng-medication"]
  },
  "text" : {
    "status" : "generated",
    "div" : "<div xmlns=\"http://www.w3.org/1999/xhtml\"><p class=\"res-header-id\"><b>Generated Narrative: Medication medication-001</b></p><a name=\"medication-001\"> </a><a name=\"hcmedication-001\"> </a><div style=\"display: inline-block; background-color: #d9e0e7; padding: 6px; margin: 4px; border: 1px solid #8da1b4; border-radius: 5px; line-height: 60%\"><p style=\"margin-bottom: 0px\"/><p style=\"margin-bottom: 0px\">Profile: <a href=\"StructureDefinition-ng-medication.html\">NG Medication</a></p></div><p><b>code</b>: <span title=\"Codes:{http://www.nafdac.gov.ng/research/umls/rxnorm 723}\">Amoxicillin 250mg Capsule</span></p><p><b>status</b>: Active</p><p><b>form</b>: <span title=\"Codes:{http://terminology.hl7.org/CodeSystem/medication-form cap}\">Capsule</span></p><h3>Ingredients</h3><table class=\"grid\"><tr><td style=\"display: none\">-</td><td><b>Item[x]</b></td><td><b>Strength</b></td></tr><tr><td style=\"display: none\">*</td><td><span title=\"Codes:{http://snomed.info/sct 372687004}\">Amoxicillin (substance)</span></td><td>250 mg/1 capsule</td></tr></table></div>"
  },
  "code" : {
    "coding" : [{
      "system" : "http://www.nafdac.gov.ng/research/umls/rxnorm",
      "code" : "723",
      "display" : "Amoxicillin 250mg Capsule"
    }]
  },
  "status" : "active",
  "form" : {
    "coding" : [{
      "system" : "http://terminology.hl7.org/CodeSystem/medication-form",
      "code" : "cap",
      "display" : "Capsule"
    }]
  },
  "ingredient" : [{
    "itemCodeableConcept" : {
      "coding" : [{
        "system" : "http://snomed.info/sct",
        "code" : "372687004",
        "display" : "Amoxicillin (substance)"
      }]
    },
    "strength" : {
      "numerator" : {
        "value" : 250,
        "unit" : "mg"
      },
      "denominator" : {
        "value" : 1,
        "unit" : "capsule"
      }
    }
  }]
}