{
  "resourceType" : "Practitioner",
  "id" : "practitioner-001",
  "meta" : {
    "profile" : ["https://pcn.gov.ng/StructureDefinition/NgPractitioner"]
  },
  "text" : {
    "status" : "generated",
    "div" : "<div xmlns=\"http://www.w3.org/1999/xhtml\"><p class=\"res-header-id\"><b>Generated Narrative: Practitioner practitioner-001</b></p><a name=\"practitioner-001\"> </a><a name=\"hcpractitioner-001\"> </a><div style=\"display: inline-block; background-color: #d9e0e7; padding: 6px; margin: 4px; border: 1px solid #8da1b4; border-radius: 5px; line-height: 60%\"><p style=\"margin-bottom: 0px\"/><p style=\"margin-bottom: 0px\">Profile: <a href=\"StructureDefinition-NgPractitioner.html\">NG Practitioner</a></p></div><p><b>identifier</b>: <code>https://mdcn.gov.ng</code>/MDCN-457812</p><p><b>active</b>: true</p><p><b>name</b>: Chinelo Okoye </p><p><b>telecom</b>: ph: 08011223344</p><p><b>birthDate</b>: 1982-03-10</p><h3>Qualifications</h3><table class=\"grid\"><tr><td style=\"display: none\">-</td><td><b>Code</b></td><td><b>Period</b></td><td><b>Issuer</b></td></tr><tr><td style=\"display: none\">*</td><td><span title=\"Codes:\">MEDCERT-2023</span></td><td>2023-01-01 --&gt; 2028-12-31</td><td><a href=\"Organization-organization-001.html\">Organization Sunlight Medical Center</a></td></tr></table></div>"
  },
  "identifier" : [{
    "system" : "https://mdcn.gov.ng",
    "value" : "MDCN-457812"
  }],
  "active" : true,
  "name" : [{
    "family" : "Okoye",
    "given" : ["Chinelo"]
  }],
  "telecom" : [{
    "system" : "phone",
    "value" : "08011223344"
  }],
  "birthDate" : "1982-03-10",
  "qualification" : [{
    "code" : {
      "text" : "MEDCERT-2023"
    },
    "period" : {
      "start" : "2023-01-01",
      "end" : "2028-12-31"
    },
    "issuer" : {
      "reference" : "Organization/organization-001"
    }
  }]
}