{
  "resourceType" : "Coverage",
  "id" : "coverage-001",
  "meta" : {
    "profile" : ["https://pcn.gov.ng/StructureDefinition/ng-claim-coverage"]
  },
  "text" : {
    "status" : "generated",
    "div" : "<div xmlns=\"http://www.w3.org/1999/xhtml\"><p class=\"res-header-id\"><b>Generated Narrative: Coverage coverage-001</b></p><a name=\"coverage-001\"> </a><a name=\"hccoverage-001\"> </a><div style=\"display: inline-block; background-color: #d9e0e7; padding: 6px; margin: 4px; border: 1px solid #8da1b4; border-radius: 5px; line-height: 60%\"><p style=\"margin-bottom: 0px\"/><p style=\"margin-bottom: 0px\">Profile: <a href=\"StructureDefinition-ng-claim-coverage.html\">NG-Claim Coverage</a></p></div><p><b>status</b>: Active</p><p><b>type</b>: <span title=\"Codes:{http://terminology.hl7.org/CodeSystem/coverage-type EHCPOL}\">EHCPOL</span></p><p><b>beneficiary</b>: <code>urn:uuid:patient-001</code></p><p><b>period</b>: 2025-01-01 --&gt; 2025-12-31</p><p><b>payor</b>: <code>urn:uuid:organization-001</code></p></div>"
  },
  "status" : "active",
  "type" : {
    "coding" : [{
      "system" : "http://terminology.hl7.org/CodeSystem/coverage-type",
      "code" : "EHCPOL"
    }]
  },
  "beneficiary" : {
    "reference" : "urn:uuid:patient-001"
  },
  "period" : {
    "start" : "2025-01-01",
    "end" : "2025-12-31"
  },
  "payor" : [{
    "reference" : "urn:uuid:organization-001"
  }]
}